time,phase,level,level_pct,d1,d2,d3,p1,p2,p3,alarms
2026-06-06 16:14:35,ARRET,1000,10.0,120,120,180,0,0,0,
2026-06-06 16:14:36,ARRET,1000,10.0,120,120,180,0,0,0,
2026-06-06 16:14:37,ARRET,1000,10.0,120,120,180,0,0,0,
2026-06-06 16:14:38,ARRET,1000,10.0,120,120,180,0,0,0,
2026-06-06 16:14:39,ARRET,1000,10.0,120,120,180,0,0,0,
2026-06-06 16:14:40,ARRET,1000,10.0,120,120,180,0,0,0,
2026-06-06 16:14:41,ARRET,1000,10.0,120,120,180,0,0,0,
2026-06-06 16:14:42,ARRET,1000,10.0,120,120,180,0,0,0,
2026-06-06 16:14:43,ARRET,1000,10.0,120,120,180,0,0,0,
2026-06-06 16:14:44,ARRET,1000,10.0,120,120,180,0,0,0,
2026-06-06 16:14:45,ARRET,1000,10.0,120,120,180,0,0,0,
2026-06-06 16:14:46,ARRET,1000,10.0,120,120,180,0,0,0,
2026-06-06 16:14:47,ARRET,1000,10.0,120,120,180,0,0,0,
2026-06-06 16:14:48,ARRET,1000,10.0,120,120,180,0,0,0,
2026-06-06 16:14:49,ARRET,1000,10.0,120,120,180,0,0,0,
2026-06-06 16:14:50,ARRET,1000,10.0,120,120,180,0,0,0,
2026-06-06 16:14:51,ARRET,1000,10.0,120,120,180,0,0,0,
2026-06-06 16:14:52,ARRET,1000,10.0,120,120,180,0,0,0,
2026-06-06 16:14:53,ARRET,1000,10.0,120,120,180,0,0,0,
2026-06-06 16:14:54,ARRET,1000,10.0,120,120,180,0,0,0,
2026-06-06 16:14:55,ARRET,1000,10.0,120,120,180,0,0,0,
2026-06-06 16:14:56,ARRET,1000,10.0,120,120,180,0,0,0,
2026-06-06 16:14:57,ARRET,1000,10.0,120,120,180,0,0,0,
2026-06-06 16:14:58,ARRET,1000,10.0,120,120,180,0,0,0,
2026-06-06 16:14:59,ARRET,1000,10.0,120,120,180,0,0,0,
2026-06-06 16:15:00,ARRET,1000,10.0,120,120,180,0,0,0,
2026-06-06 16:15:01,ARRET,1000,10.0,120,120,180,0,0,0,
2026-06-06 16:15:02,ARRET,1000,10.0,120,120,180,0,0,0,
2026-06-06 16:15:03,ARRET,1000,10.0,120,120,180,0,0,0,
2026-06-06 16:15:04,ARRET,1000,10.0,120,120,180,0,0,0,
2026-06-06 16:15:05,ARRET,1000,10.0,120,120,180,0,0,0,
2026-06-06 16:15:06,ARRET,1000,10.0,120,120,180,0,0,0,
2026-06-06 16:15:07,ARRET,1000,10.0,120,120,180,0,0,0,
2026-06-06 16:15:08,ARRET,1000,10.0,120,120,180,0,0,0,
2026-06-06 16:15:09,ARRET,1000,10.0,120,120,180,0,0,0,
2026-06-06 16:15:10,ARRET,1000,10.0,120,120,180,0,0,0,
2026-06-06 16:15:11,ARRET,1000,10.0,120,120,180,0,0,0,
2026-06-06 16:15:12,ARRET,1000,10.0,120,120,180,0,0,0,
2026-06-06 16:15:13,ARRET,1000,10.0,120,120,180,0,0,0,
2026-06-06 16:15:14,ARRET,1000,10.0,120,120,180,0,0,0,
2026-06-06 16:15:15,ARRET,1000,10.0,120,120,180,0,0,0,
2026-06-06 16:15:16,ARRET,1000,10.0,120,120,180,0,0,0,
2026-06-06 16:15:17,ARRET,1000,10.0,120,120,180,0,0,0,
2026-06-06 16:15:18,ARRET,1000,10.0,120,120,180,0,0,0,
2026-06-06 16:15:19,ARRET,1000,10.0,120,120,180,0,0,0,
2026-06-06 16:15:20,ARRET,1000,10.0,120,120,180,0,0,0,
2026-06-06 16:15:21,ARRET,1000,10.0,120,120,180,0,0,0,
2026-06-06 16:15:22,ARRET,1000,10.0,120,120,180,0,0,0,
2026-06-06 16:15:23,ARRET,1000,10.0,120,120,180,0,0,0,
2026-06-06 16:15:24,ARRET,1000,10.0,120,120,180,0,0,0,
2026-06-06 16:15:25,ARRET,1000,10.0,120,120,180,0,0,0,
2026-06-06 16:15:26,ARRET,1000,10.0,120,120,180,0,0,0,
2026-06-06 16:15:28,ARRET,1000,10.0,120,120,180,0,0,0,
2026-06-06 16:15:29,ARRET,1000,10.0,120,120,180,0,0,0,
2026-06-06 16:15:30,ARRET,1000,10.0,120,120,180,0,0,0,
2026-06-06 16:15:31,ARRET,1000,10.0,120,120,180,0,0,0,
2026-06-06 16:15:32,ARRET,1000,10.0,120,120,180,0,0,0,
2026-06-06 16:15:33,ARRET,1000,10.0,120,120,180,0,0,0,
2026-06-06 16:15:34,ARRET,1000,10.0,120,120,180,0,0,0,
2026-06-06 16:15:35,ARRET,1000,10.0,120,120,180,0,0,0,
2026-06-06 16:15:36,ARRET,1000,10.0,120,120,180,0,0,0,
2026-06-06 16:15:37,ARRET,1000,10.0,120,120,180,0,0,0,
2026-06-06 16:15:38,ARRET,1000,10.0,120,120,180,0,0,0,
2026-06-06 16:15:39,ARRET,1000,10.0,120,120,180,0,0,0,
2026-06-06 16:15:40,ARRET,1000,10.0,120,120,180,0,0,0,
2026-06-06 16:15:41,ARRET,1000,10.0,120,120,180,0,0,0,
2026-06-06 16:15:42,ARRET,1000,10.0,120,120,180,0,0,0,
2026-06-06 16:15:43,ARRET,1000,10.0,120,120,180,0,0,0,
2026-06-06 16:15:44,ARRET,1000,10.0,120,120,180,0,0,0,
2026-06-06 16:15:45,ARRET,1000,10.0,120,120,180,0,0,0,
2026-06-06 16:15:46,ARRET,1000,10.0,120,120,180,0,0,0,
2026-06-06 16:15:47,ARRET,1000,10.0,120,120,180,0,0,0,
2026-06-06 16:15:48,ARRET,1000,10.0,120,120,180,0,0,0,
2026-06-06 16:15:49,ARRET,1000,10.0,120,120,180,0,0,0,
2026-06-06 16:15:50,ARRET,1000,10.0,120,120,180,0,0,0,
2026-06-06 16:15:51,ARRET,1000,10.0,120,120,180,0,0,0,
2026-06-06 16:15:52,ARRET,1000,10.0,120,120,180,0,0,0,
2026-06-06 16:15:53,ARRET,1000,10.0,120,120,180,0,0,0,
2026-06-06 16:15:54,ARRET,1000,10.0,120,120,180,0,0,0,
2026-06-06 16:15:55,ARRET,1000,10.0,120,120,180,0,0,0,
2026-06-06 16:15:56,ARRET,1000,10.0,120,120,180,0,0,0,
2026-06-06 16:15:57,ARRET,1000,10.0,120,120,180,0,0,0,
2026-06-06 16:15:58,ARRET,1000,10.0,120,120,180,0,0,0,
2026-06-06 16:15:59,ARRET,1000,10.0,120,120,180,0,0,0,
2026-06-06 16:16:00,ARRET,1000,10.0,120,120,180,0,0,0,
2026-06-06 16:16:01,ARRET,1000,10.0,120,120,180,0,0,0,
2026-06-06 16:16:02,ARRET,1000,10.0,120,120,180,0,0,0,
2026-06-06 16:16:03,ARRET,1000,10.0,120,120,180,0,0,0,
2026-06-06 16:16:04,ARRET,1000,10.0,120,120,180,0,0,0,
2026-06-06 16:16:05,ARRET,1000,10.0,120,120,180,0,0,0,
2026-06-06 16:16:06,ARRET,1000,10.0,120,120,180,0,0,0,
2026-06-06 16:16:07,ARRET,1000,10.0,120,120,180,0,0,0,
2026-06-06 16:16:08,ARRET,1000,10.0,120,120,180,0,0,0,
2026-06-06 16:16:09,ARRET,1000,10.0,120,120,180,0,0,0,
2026-06-06 16:16:10,ARRET,1000,10.0,120,120,180,0,0,0,
2026-06-06 16:16:11,ARRET,1000,10.0,120,120,180,0,0,0,
2026-06-06 16:16:12,ARRET,1000,10.0,120,120,180,0,0,0,
2026-06-06 16:16:13,ARRET,1000,10.0,120,120,180,0,0,0,
2026-06-06 16:16:14,ARRET,1000,10.0,120,120,180,0,0,0,
2026-06-06 16:16:15,ARRET,1000,10.0,120,120,180,0,0,0,
2026-06-06 16:16:16,ARRET,1000,10.0,120,120,180,0,0,0,
2026-06-06 16:16:17,ARRET,1000,10.0,120,120,180,0,0,0,
2026-06-06 16:16:18,ARRET,1000,10.0,120,120,180,0,0,0,
2026-06-06 16:16:19,ARRET,1000,10.0,120,120,180,0,0,0,
2026-06-06 16:16:20,ARRET,1000,10.0,120,120,180,0,0,0,
2026-06-06 16:16:21,ARRET,1000,10.0,120,120,180,0,0,0,
2026-06-06 16:16:22,ARRET,1000,10.0,120,120,180,0,0,0,
2026-06-06 16:16:23,ARRET,1000,10.0,120,120,180,0,0,0,
2026-06-06 16:16:24,ARRET,1000,10.0,120,120,180,0,0,0,
2026-06-06 16:16:25,ARRET,1000,10.0,120,120,180,0,0,0,
2026-06-06 16:16:26,ARRET,1000,10.0,120,120,180,0,0,0,
2026-06-06 16:16:27,ARRET,1000,10.0,120,120,180,0,0,0,
2026-06-06 16:16:28,ARRET,1000,10.0,120,120,180,0,0,0,
2026-06-06 16:16:29,ARRET,1000,10.0,120,120,180,0,0,0,
2026-06-06 16:16:30,ARRET,1000,10.0,120,120,180,0,0,0,
2026-06-06 16:16:31,ARRET,1000,10.0,120,120,180,0,0,0,
2026-06-06 16:16:32,ARRET,1000,10.0,120,120,180,0,0,0,
2026-06-06 16:16:33,ARRET,1000,10.0,120,120,180,0,0,0,
2026-06-06 16:16:34,ARRET,1000,10.0,120,120,180,0,0,0,
2026-06-06 16:16:35,ARRET,1000,10.0,120,120,180,0,0,0,
2026-06-06 16:16:36,ARRET,1000,10.0,120,120,180,0,0,0,
2026-06-06 16:16:37,ARRET,1000,10.0,120,120,180,0,0,0,
2026-06-06 16:16:38,ARRET,1000,10.0,120,120,180,0,0,0,
2026-06-06 16:16:39,ARRET,1000,10.0,120,120,180,0,0,0,
2026-06-06 16:16:40,ARRET,1000,10.0,120,120,180,0,0,0,
2026-06-06 16:16:41,ARRET,1000,10.0,120,120,180,0,0,0,
2026-06-06 16:16:42,ARRET,1000,10.0,120,120,180,0,0,0,
2026-06-06 16:16:43,ARRET,1000,10.0,120,120,180,0,0,0,
2026-06-06 16:16:44,ARRET,1000,10.0,120,120,180,0,0,0,
2026-06-06 16:16:45,ARRET,1000,10.0,120,120,180,0,0,0,
2026-06-06 16:16:46,ARRET,1000,10.0,120,120,180,0,0,0,
2026-06-06 16:16:47,ARRET,1000,10.0,120,120,180,0,0,0,
2026-06-06 16:16:48,ARRET,1000,10.0,120,120,180,0,0,0,
2026-06-06 16:16:49,ARRET,1000,10.0,120,120,180,0,0,0,
2026-06-06 16:16:50,ARRET,1000,10.0,120,120,180,0,0,0,
2026-06-06 16:16:51,ARRET,1000,10.0,120,120,180,0,0,0,
2026-06-06 16:16:52,ARRET,1000,10.0,120,120,180,0,0,0,
2026-06-06 16:16:53,ARRET,1000,10.0,120,120,180,0,0,0,
2026-06-06 16:16:54,ARRET,1000,10.0,120,120,180,0,0,0,
2026-06-06 16:16:55,ARRET,1000,10.0,120,120,180,0,0,0,
2026-06-06 16:16:56,ARRET,1000,10.0,120,120,180,0,0,0,
2026-06-06 16:16:57,ARRET,1000,10.0,120,120,180,0,0,0,
2026-06-06 16:16:58,ARRET,1000,10.0,120,120,180,0,0,0,
2026-06-06 16:16:59,ARRET,1000,10.0,120,120,180,0,0,0,
2026-06-06 16:17:00,ARRET,1000,10.0,120,120,180,0,0,0,
2026-06-06 16:17:01,ARRET,1000,10.0,120,120,180,0,0,0,
2026-06-06 16:17:02,ARRET,1000,10.0,120,120,180,0,0,0,
2026-06-06 16:17:03,ARRET,1000,10.0,120,120,180,0,0,0,
2026-06-06 16:17:04,ARRET,1000,10.0,120,120,180,0,0,0,
2026-06-06 16:17:05,ARRET,1000,10.0,120,120,180,0,0,0,
2026-06-06 16:17:06,ARRET,1000,10.0,120,120,180,0,0,0,
2026-06-06 16:17:07,ARRET,1000,10.0,120,120,180,0,0,0,
2026-06-06 16:17:08,ARRET,1000,10.0,120,120,180,0,0,0,
2026-06-06 16:17:09,ARRET,1000,10.0,120,120,180,0,0,0,
2026-06-06 16:17:10,ARRET,1000,10.0,120,120,180,0,0,0,
2026-06-06 16:17:11,ARRET,1000,10.0,120,120,180,0,0,0,
2026-06-06 16:17:12,ARRET,1000,10.0,120,120,180,0,0,0,
2026-06-06 16:17:13,ARRET,1000,10.0,120,120,180,0,0,0,
2026-06-06 16:17:14,ARRET,1000,10.0,120,120,180,0,0,0,
2026-06-06 16:17:15,ARRET,1000,10.0,120,120,180,0,0,0,
2026-06-06 16:17:16,ARRET,1000,10.0,120,120,180,0,0,0,
2026-06-06 16:17:17,ARRET,1000,10.0,120,120,180,0,0,0,
2026-06-06 16:17:18,ARRET,1000,10.0,120,120,180,0,0,0,
2026-06-06 16:17:19,ARRET,1000,10.0,120,120,180,0,0,0,
2026-06-06 16:17:20,ARRET,1000,10.0,120,120,180,0,0,0,
2026-06-06 16:17:21,ARRET,1000,10.0,120,120,180,0,0,0,
2026-06-06 16:17:22,ARRET,1000,10.0,120,120,180,0,0,0,
2026-06-06 16:17:23,ARRET,1000,10.0,120,120,180,0,0,0,
2026-06-06 16:17:24,ARRET,1000,10.0,120,120,180,0,0,0,
2026-06-06 16:17:25,ARRET,1000,10.0,120,120,180,0,0,0,
2026-06-06 16:17:26,ARRET,1000,10.0,120,120,180,0,0,0,
2026-06-06 16:17:27,ARRET,1000,10.0,120,120,180,0,0,0,
2026-06-06 16:17:29,ARRET,1000,10.0,120,120,180,0,0,0,
2026-06-06 16:17:30,ARRET,1000,10.0,120,120,180,0,0,0,
2026-06-06 16:17:31,ARRET,1000,10.0,120,120,180,0,0,0,
2026-06-06 16:17:32,ARRET,1000,10.0,120,120,180,0,0,0,
2026-06-06 16:17:33,ARRET,1000,10.0,120,120,180,0,0,0,
2026-06-06 16:17:34,ARRET,1000,10.0,120,120,180,0,0,0,
2026-06-06 16:17:35,ARRET,1000,10.0,120,120,180,0,0,0,
2026-06-06 16:17:36,ARRET,1000,10.0,120,120,180,0,0,0,
2026-06-06 16:17:37,ARRET,1000,10.0,120,120,180,0,0,0,
2026-06-06 16:17:38,ARRET,1000,10.0,120,120,180,0,0,0,
2026-06-06 16:17:39,ARRET,1000,10.0,120,120,180,0,0,0,
2026-06-06 16:17:40,ARRET,1000,10.0,120,120,180,0,0,0,
2026-06-06 16:17:41,ARRET,1000,10.0,120,120,180,0,0,0,
2026-06-06 16:17:42,ARRET,1000,10.0,120,120,180,0,0,0,
2026-06-06 16:17:43,ARRET,1000,10.0,120,120,180,0,0,0,
2026-06-06 16:17:44,ARRET,1000,10.0,120,120,180,0,0,0,
2026-06-06 16:17:45,ARRET,1000,10.0,120,120,180,0,0,0,
2026-06-06 16:17:46,ARRET,1000,10.0,120,120,180,0,0,0,
2026-06-06 16:17:47,ARRET,1000,10.0,120,120,180,0,0,0,
2026-06-06 16:17:48,ARRET,1000,10.0,120,120,180,0,0,0,
2026-06-06 16:17:49,ARRET,1000,10.0,120,120,180,0,0,0,
2026-06-06 16:17:50,ARRET,1000,10.0,120,120,180,0,0,0,
2026-06-06 16:17:51,ARRET,1000,10.0,120,120,180,0,0,0,
2026-06-06 16:17:52,ARRET,1000,10.0,120,120,180,0,0,0,
2026-06-06 16:17:53,ARRET,1000,10.0,120,120,180,0,0,0,
2026-06-06 16:17:54,ARRET,1000,10.0,120,120,180,0,0,0,
2026-06-06 16:17:55,ARRET,1000,10.0,120,120,180,0,0,0,
2026-06-06 16:17:56,ARRET,1000,10.0,120,120,180,0,0,0,
2026-06-06 16:17:57,ARRET,1000,10.0,120,120,180,0,0,0,
2026-06-06 16:17:58,ARRET,1000,10.0,120,120,180,0,0,0,
2026-06-06 16:17:59,ARRET,1000,10.0,120,120,180,0,0,0,
2026-06-06 16:18:00,ARRET,1000,10.0,120,120,180,0,0,0,
2026-06-06 16:18:01,ARRET,1000,10.0,120,120,180,0,0,0,
2026-06-06 16:18:02,ARRET,1000,10.0,120,120,180,0,0,0,
2026-06-06 16:18:03,ARRET,1000,10.0,120,120,180,0,0,0,
2026-06-06 16:18:04,ARRET,1000,10.0,120,120,180,0,0,0,
2026-06-06 16:18:05,ARRET,1000,10.0,120,120,180,0,0,0,
2026-06-06 16:18:06,ARRET,1000,10.0,120,120,180,0,0,0,
2026-06-06 16:18:07,ARRET,1000,10.0,120,120,180,0,0,0,
2026-06-06 16:18:08,ARRET,1000,10.0,120,120,180,0,0,0,
2026-06-06 16:18:09,ARRET,1000,10.0,120,120,180,0,0,0,
2026-06-06 16:18:10,ARRET,1000,10.0,120,120,180,0,0,0,
2026-06-06 16:18:11,ARRET,1000,10.0,120,120,180,0,0,0,
2026-06-06 16:18:12,ARRET,1000,10.0,120,120,180,0,0,0,
2026-06-06 16:18:13,ARRET,1000,10.0,120,120,180,0,0,0,
2026-06-06 16:18:14,ARRET,1000,10.0,120,120,180,0,0,0,
2026-06-06 16:18:15,ARRET,1000,10.0,120,120,180,0,0,0,
2026-06-06 16:18:16,ARRET,1000,10.0,120,120,180,0,0,0,
2026-06-06 16:18:17,ARRET,1000,10.0,120,120,180,0,0,0,
2026-06-06 16:18:18,ARRET,1000,10.0,120,120,180,0,0,0,
2026-06-06 16:18:19,ARRET,1000,10.0,120,120,180,0,0,0,
2026-06-06 16:18:20,ARRET,1000,10.0,120,120,180,0,0,0,
2026-06-06 16:18:21,ARRET,1000,10.0,120,120,180,0,0,0,
2026-06-06 16:18:22,ARRET,1000,10.0,120,120,180,0,0,0,
2026-06-06 16:18:23,ARRET,1000,10.0,120,120,180,0,0,0,
2026-06-06 16:18:24,ARRET,1000,10.0,120,120,180,0,0,0,
2026-06-06 16:18:25,ARRET,1000,10.0,120,120,180,0,0,0,
2026-06-06 16:18:26,ARRET,1000,10.0,120,120,180,0,0,0,
2026-06-06 16:18:27,ARRET,1000,10.0,120,120,180,0,0,0,
2026-06-06 16:18:28,ARRET,1000,10.0,120,120,180,0,0,0,
2026-06-06 16:18:29,ARRET,1000,10.0,120,120,180,0,0,0,
2026-06-06 16:18:30,ARRET,1000,10.0,120,120,180,0,0,0,
2026-06-06 16:18:31,ARRET,1000,10.0,120,120,180,0,0,0,
2026-06-06 16:18:32,ARRET,1000,10.0,120,120,180,0,0,0,
2026-06-06 16:18:33,ARRET,1000,10.0,120,120,180,0,0,0,
2026-06-06 16:18:34,ARRET,1000,10.0,120,120,180,0,0,0,
2026-06-06 16:18:35,ARRET,1000,10.0,120,120,180,0,0,0,
2026-06-06 16:18:36,ARRET,1000,10.0,120,120,180,0,0,0,
2026-06-06 16:18:37,ARRET,1000,10.0,120,120,180,0,0,0,
2026-06-06 16:18:38,ARRET,1000,10.0,120,120,180,0,0,0,
2026-06-06 16:18:39,ARRET,1000,10.0,120,120,180,0,0,0,
2026-06-06 16:18:40,ARRET,1000,10.0,120,120,180,0,0,0,
2026-06-06 16:18:41,ARRET,1000,10.0,120,120,180,0,0,0,
2026-06-06 16:18:42,ARRET,1000,10.0,120,120,180,0,0,0,
2026-06-06 16:18:43,ARRET,1000,10.0,120,120,180,0,0,0,
2026-06-06 16:18:44,ARRET,1000,10.0,120,120,180,0,0,0,
2026-06-06 16:18:45,ARRET,1000,10.0,120,120,180,0,0,0,
2026-06-06 16:18:46,ARRET,1000,10.0,120,120,180,0,0,0,
2026-06-06 16:18:47,ARRET,1000,10.0,120,120,180,0,0,0,
2026-06-06 16:18:48,ARRET,1000,10.0,120,120,180,0,0,0,
2026-06-06 16:18:49,ARRET,1000,10.0,120,120,180,0,0,0,
2026-06-06 16:18:50,ARRET,1000,10.0,120,120,180,0,0,0,
2026-06-06 16:18:51,ARRET,1000,10.0,120,120,180,0,0,0,
2026-06-06 16:18:52,ARRET,1000,10.0,120,120,180,0,0,0,
2026-06-06 16:18:53,ARRET,1000,10.0,120,120,180,0,0,0,
2026-06-06 16:18:54,ARRET,1000,10.0,120,120,180,0,0,0,
2026-06-06 16:18:55,ARRET,1000,10.0,120,120,180,0,0,0,
2026-06-06 16:18:56,ARRET,1000,10.0,120,120,180,0,0,0,
2026-06-06 16:18:57,ARRET,1000,10.0,120,120,180,0,0,0,
2026-06-06 16:18:58,ARRET,1000,10.0,120,120,180,0,0,0,
2026-06-06 16:18:59,ARRET,1000,10.0,120,120,180,0,0,0,
2026-06-06 16:19:00,ARRET,1000,10.0,120,120,180,0,0,0,
2026-06-06 16:19:01,ARRET,1000,10.0,120,120,180,0,0,0,
2026-06-06 16:19:02,ARRET,1000,10.0,120,120,180,0,0,0,
2026-06-06 16:19:03,ARRET,1000,10.0,120,120,180,0,0,0,
2026-06-06 16:19:04,ARRET,1000,10.0,120,120,180,0,0,0,
2026-06-06 16:19:05,ARRET,1000,10.0,120,120,180,0,0,0,
2026-06-06 16:19:06,ARRET,1000,10.0,120,120,180,0,0,0,
2026-06-06 16:19:07,ARRET,1000,10.0,120,120,180,0,0,0,
2026-06-06 16:19:08,ARRET,1000,10.0,120,120,180,0,0,0,
2026-06-06 16:19:09,ARRET,1000,10.0,120,120,180,0,0,0,
2026-06-06 16:19:10,ARRET,1000,10.0,120,120,180,0,0,0,
2026-06-06 16:19:11,ARRET,1000,10.0,120,120,180,0,0,0,
2026-06-06 16:19:12,ARRET,1000,10.0,120,120,180,0,0,0,
2026-06-06 16:19:13,ARRET,1000,10.0,120,120,180,0,0,0,
2026-06-06 16:19:14,ARRET,1000,10.0,120,120,180,0,0,0,
2026-06-06 16:19:15,ARRET,1000,10.0,120,120,180,0,0,0,
2026-06-06 16:19:16,ARRET,1000,10.0,120,120,180,0,0,0,
2026-06-06 16:19:17,ARRET,1000,10.0,120,120,180,0,0,0,
2026-06-06 16:19:18,ARRET,1000,10.0,120,120,180,0,0,0,
2026-06-06 16:19:19,ARRET,1000,10.0,120,120,180,0,0,0,
2026-06-06 16:19:20,ARRET,1000,10.0,120,120,180,0,0,0,
2026-06-06 16:19:21,ARRET,1000,10.0,120,120,180,0,0,0,
2026-06-06 16:19:22,ARRET,1000,10.0,120,120,180,0,0,0,
2026-06-06 16:19:23,ARRET,1000,10.0,120,120,180,0,0,0,
2026-06-06 16:19:24,ARRET,1000,10.0,120,120,180,0,0,0,
2026-06-06 16:19:25,ARRET,1000,10.0,120,120,180,0,0,0,
2026-06-06 16:19:26,ARRET,1000,10.0,120,120,180,0,0,0,
2026-06-06 16:19:27,ARRET,1000,10.0,120,120,180,0,0,0,
2026-06-06 16:19:29,ARRET,1000,10.0,120,120,180,0,0,0,
2026-06-06 16:19:30,ARRET,1000,10.0,120,120,180,0,0,0,
2026-06-06 16:19:31,ARRET,1000,10.0,120,120,180,0,0,0,
2026-06-06 16:19:32,ARRET,1000,10.0,120,120,180,0,0,0,
2026-06-06 16:19:33,ARRET,1000,10.0,120,120,180,0,0,0,
2026-06-06 16:19:34,ARRET,1000,10.0,120,120,180,0,0,0,
2026-06-06 16:19:35,ARRET,1000,10.0,120,120,180,0,0,0,
2026-06-06 16:19:36,ARRET,1000,10.0,120,120,180,0,0,0,
2026-06-06 16:19:37,ARRET,1000,10.0,120,120,180,0,0,0,
2026-06-06 16:19:38,ARRET,1000,10.0,120,120,180,0,0,0,
2026-06-06 16:19:39,ARRET,1000,10.0,120,120,180,0,0,0,
2026-06-06 16:19:40,ARRET,1000,10.0,120,120,180,0,0,0,
2026-06-06 16:19:41,ARRET,1000,10.0,120,120,180,0,0,0,
2026-06-06 16:19:42,ARRET,1000,10.0,120,120,180,0,0,0,
2026-06-06 16:19:43,ARRET,1000,10.0,120,120,180,0,0,0,
2026-06-06 16:19:44,ARRET,1000,10.0,120,120,180,0,0,0,
2026-06-06 16:19:45,ARRET,1000,10.0,120,120,180,0,0,0,
2026-06-06 16:19:46,ARRET,1000,10.0,120,120,180,0,0,0,
2026-06-06 16:19:47,ARRET,1000,10.0,120,120,180,0,0,0,
2026-06-06 16:19:48,ARRET,1000,10.0,120,120,180,0,0,0,
2026-06-06 16:19:49,ARRET,1000,10.0,120,120,180,0,0,0,
2026-06-06 16:19:50,ARRET,1000,10.0,120,120,180,0,0,0,
2026-06-06 16:19:51,ARRET,1000,10.0,120,120,180,0,0,0,
2026-06-06 16:19:52,ARRET,1000,10.0,120,120,180,0,0,0,
2026-06-06 16:19:53,ARRET,1000,10.0,120,120,180,0,0,0,
2026-06-06 16:19:54,ARRET,1000,10.0,120,120,180,0,0,0,
2026-06-06 16:19:55,ARRET,1000,10.0,120,120,180,0,0,0,
2026-06-06 16:19:56,ARRET,1000,10.0,120,120,180,0,0,0,
2026-06-06 16:19:57,ARRET,1000,10.0,120,120,180,0,0,0,
2026-06-06 16:19:58,ARRET,1000,10.0,120,120,180,0,0,0,
2026-06-06 16:19:59,ARRET,1000,10.0,120,120,180,0,0,0,
2026-06-06 16:20:00,ARRET,1000,10.0,120,120,180,0,0,0,
2026-06-06 16:20:01,ARRET,1000,10.0,120,120,180,0,0,0,
2026-06-06 16:20:02,ARRET,1000,10.0,120,120,180,0,0,0,
2026-06-06 16:20:03,ARRET,1000,10.0,120,120,180,0,0,0,
2026-06-06 16:20:04,ARRET,1000,10.0,120,120,180,0,0,0,
2026-06-06 16:20:05,ARRET,1000,10.0,120,120,180,0,0,0,
2026-06-06 16:20:06,ARRET,1000,10.0,120,120,180,0,0,0,
2026-06-06 16:20:07,ARRET,1000,10.0,120,120,180,0,0,0,
2026-06-06 16:20:08,ARRET,1000,10.0,120,120,180,0,0,0,
2026-06-06 16:20:09,ARRET,1000,10.0,120,120,180,0,0,0,
2026-06-06 16:20:10,ARRET,1000,10.0,120,120,180,0,0,0,
2026-06-06 16:20:11,ARRET,1000,10.0,120,120,180,0,0,0,
2026-06-06 16:20:12,ARRET,1000,10.0,120,120,180,0,0,0,
2026-06-06 16:20:13,ARRET,1000,10.0,120,120,180,0,0,0,
2026-06-06 16:20:14,ARRET,1000,10.0,120,120,180,0,0,0,
2026-06-06 16:20:15,ARRET,1000,10.0,120,120,180,0,0,0,
2026-06-06 16:20:16,ARRET,1000,10.0,120,120,180,0,0,0,
2026-06-06 16:20:17,ARRET,1000,10.0,120,120,180,0,0,0,
2026-06-06 16:20:18,ARRET,1000,10.0,120,120,180,0,0,0,
2026-06-06 16:20:19,ARRET,1000,10.0,120,120,180,0,0,0,
2026-06-06 16:20:20,ARRET,1000,10.0,120,120,180,0,0,0,
2026-06-06 16:20:21,ARRET,1000,10.0,120,120,180,0,0,0,
2026-06-06 16:20:22,ARRET,1000,10.0,120,120,180,0,0,0,
2026-06-06 16:20:23,ARRET,1000,10.0,120,120,180,0,0,0,
2026-06-06 16:20:24,ARRET,1000,10.0,120,120,180,0,0,0,
2026-06-06 16:20:25,ARRET,1000,10.0,120,120,180,0,0,0,
2026-06-06 16:20:26,ARRET,1000,10.0,120,120,180,0,0,0,
2026-06-06 16:20:27,ARRET,1000,10.0,120,120,180,0,0,0,
2026-06-06 16:20:28,ARRET,1000,10.0,120,120,180,0,0,0,
2026-06-06 16:20:29,ARRET,1000,10.0,120,120,180,0,0,0,
2026-06-06 16:20:30,ARRET,1000,10.0,120,120,180,0,0,0,
2026-06-06 16:20:31,ARRET,1000,10.0,120,120,180,0,0,0,
2026-06-06 16:20:32,ARRET,1000,10.0,120,120,180,0,0,0,
2026-06-06 16:20:33,ARRET,1000,10.0,120,120,180,0,0,0,
2026-06-06 16:20:34,ARRET,1000,10.0,120,120,180,0,0,0,
2026-06-06 16:20:35,ARRET,1000,10.0,120,120,180,0,0,0,
2026-06-06 16:20:36,ARRET,1000,10.0,120,120,180,0,0,0,
2026-06-06 16:20:37,ARRET,1000,10.0,120,120,180,0,0,0,
2026-06-06 16:20:38,ARRET,1000,10.0,120,120,180,0,0,0,
2026-06-06 16:20:39,ARRET,1000,10.0,120,120,180,0,0,0,
2026-06-06 16:20:40,ARRET,1000,10.0,120,120,180,0,0,0,
2026-06-06 16:20:41,ARRET,1000,10.0,120,120,180,0,0,0,
2026-06-06 16:20:42,ARRET,1000,10.0,120,120,180,0,0,0,
2026-06-06 16:20:43,ARRET,1000,10.0,120,120,180,0,0,0,
2026-06-06 16:20:44,ARRET,1000,10.0,120,120,180,0,0,0,
2026-06-06 16:20:45,ARRET,1000,10.0,120,120,180,0,0,0,
2026-06-06 16:20:46,ARRET,1000,10.0,120,120,180,0,0,0,
2026-06-06 16:20:47,ARRET,1000,10.0,120,120,180,0,0,0,
2026-06-06 16:20:48,ARRET,1000,10.0,120,120,180,0,0,0,
2026-06-06 16:20:49,ARRET,1000,10.0,120,120,180,0,0,0,
2026-06-06 16:20:50,ARRET,1000,10.0,120,120,180,0,0,0,
2026-06-06 16:20:51,ARRET,1000,10.0,120,120,180,0,0,0,
2026-06-06 16:20:52,ARRET,1000,10.0,120,120,180,0,0,0,
2026-06-06 16:20:53,ARRET,1000,10.0,120,120,180,0,0,0,
2026-06-06 16:20:54,ARRET,1000,10.0,120,120,180,0,0,0,
2026-06-06 16:20:55,ARRET,1000,10.0,120,120,180,0,0,0,
2026-06-06 16:20:56,ARRET,1000,10.0,120,120,180,0,0,0,
2026-06-06 16:20:57,ARRET,1000,10.0,120,120,180,0,0,0,
2026-06-06 16:20:58,ARRET,1000,10.0,120,120,180,0,0,0,
2026-06-06 16:20:59,ARRET,1000,10.0,120,120,180,0,0,0,
2026-06-06 16:21:00,ARRET,1000,10.0,120,120,180,0,0,0,
2026-06-06 16:21:01,ARRET,1000,10.0,120,120,180,0,0,0,
2026-06-06 16:21:02,ARRET,1000,10.0,120,120,180,0,0,0,
2026-06-06 16:21:03,ARRET,1000,10.0,120,120,180,0,0,0,
2026-06-06 16:21:04,ARRET,1000,10.0,120,120,180,0,0,0,
2026-06-06 16:21:05,ARRET,1000,10.0,120,120,180,0,0,0,
2026-06-06 16:21:06,ARRET,1000,10.0,120,120,180,0,0,0,
2026-06-06 16:21:07,ARRET,1000,10.0,120,120,180,0,0,0,
2026-06-06 16:21:08,ARRET,1000,10.0,120,120,180,0,0,0,
2026-06-06 16:21:09,ARRET,1000,10.0,120,120,180,0,0,0,
2026-06-06 16:21:10,ARRET,1000,10.0,120,120,180,0,0,0,
2026-06-06 16:21:11,ARRET,1000,10.0,120,120,180,0,0,0,
2026-06-06 16:21:12,ARRET,1000,10.0,120,120,180,0,0,0,
2026-06-06 16:21:13,ARRET,1000,10.0,120,120,180,0,0,0,
2026-06-06 16:21:14,ARRET,1000,10.0,120,120,180,0,0,0,
2026-06-06 16:21:15,ARRET,1000,10.0,120,120,180,0,0,0,
2026-06-06 16:21:16,ARRET,1000,10.0,120,120,180,0,0,0,
2026-06-06 16:21:17,ARRET,1000,10.0,120,120,180,0,0,0,
2026-06-06 16:21:18,ARRET,1000,10.0,120,120,180,0,0,0,
2026-06-06 16:21:19,ARRET,1000,10.0,120,120,180,0,0,0,
2026-06-06 16:21:20,ARRET,1000,10.0,120,120,180,0,0,0,
2026-06-06 16:21:21,ARRET,1000,10.0,120,120,180,0,0,0,
2026-06-06 16:21:22,ARRET,1000,10.0,120,120,180,0,0,0,
2026-06-06 16:21:23,ARRET,1000,10.0,120,120,180,0,0,0,
2026-06-06 16:21:24,ARRET,1000,10.0,120,120,180,0,0,0,
2026-06-06 16:21:25,ARRET,1000,10.0,120,120,180,0,0,0,
2026-06-06 16:21:26,ARRET,1000,10.0,120,120,180,0,0,0,
2026-06-06 16:21:27,ARRET,1000,10.0,120,120,180,0,0,0,
2026-06-06 16:21:29,ARRET,1000,10.0,120,120,180,0,0,0,
2026-06-06 16:21:30,ARRET,1000,10.0,120,120,180,0,0,0,
2026-06-06 16:21:31,ARRET,1000,10.0,120,120,180,0,0,0,
2026-06-06 16:21:32,ARRET,1000,10.0,120,120,180,0,0,0,
2026-06-06 16:21:33,ARRET,1000,10.0,120,120,180,0,0,0,
2026-06-06 16:21:34,ARRET,1000,10.0,120,120,180,0,0,0,
2026-06-06 16:21:35,ARRET,1000,10.0,120,120,180,0,0,0,
2026-06-06 16:21:36,ARRET,1000,10.0,120,120,180,0,0,0,
2026-06-06 16:21:37,ARRET,1000,10.0,120,120,180,0,0,0,
2026-06-06 16:21:38,ARRET,1000,10.0,120,120,180,0,0,0,
2026-06-06 16:21:39,ARRET,1000,10.0,120,120,180,0,0,0,
2026-06-06 16:21:40,ARRET,1000,10.0,120,120,180,0,0,0,
2026-06-06 16:21:41,ARRET,1000,10.0,120,120,180,0,0,0,
2026-06-06 16:21:42,ARRET,1000,10.0,120,120,180,0,0,0,
2026-06-06 16:21:43,ARRET,1000,10.0,120,120,180,0,0,0,
